{
    "Version": "1.2",
    "Data": {
        "Source": "d:\\documents\\perso\\programmation\\c++\\openglproject\\openglproject\\transformation.h",
        "ProvidedModule": "",
        "Includes": [
            "d:\\documents\\perso\\programmation\\c++\\openglproject\\openglproject\\dependencies\\glm\\glm.hpp",
            "d:\\documents\\perso\\programmation\\c++\\openglproject\\openglproject\\dependencies\\glm\\detail\\_fixes.hpp",
            "c:\\program files\\microsoft visual studio\\2022\\community\\vc\\tools\\msvc\\14.44.35207\\include\\cmath",
            "c:\\program files\\microsoft visual studio\\2022\\community\\vc\\tools\\msvc\\14.44.35207\\include\\yvals.h",
            "c:\\program files\\microsoft visual studio\\2022\\community\\vc\\tools\\msvc\\14.44.35207\\include\\yvals_core.h",
            "c:\\program files\\microsoft visual studio\\2022\\community\\vc\\tools\\msvc\\14.44.35207\\include\\vcruntime.h",
            "c:\\program files\\microsoft visual studio\\2022\\community\\vc\\tools\\msvc\\14.44.35207\\include\\sal.h",
            "c:\\program files\\microsoft visual studio\\2022\\community\\vc\\tools\\msvc\\14.44.35207\\include\\concurrencysal.h",
            "c:\\program files\\microsoft visual studio\\2022\\community\\vc\\tools\\msvc\\14.44.35207\\include\\vadefs.h",
            "c:\\program files\\microsoft visual studio\\2022\\community\\vc\\tools\\msvc\\14.44.35207\\include\\xkeycheck.h",
            "c:\\program files (x86)\\windows kits\\10\\include\\10.0.26100.0\\ucrt\\crtdbg.h",
            "c:\\program files (x86)\\windows kits\\10\\include\\10.0.26100.0\\ucrt\\corecrt.h",
            "c:\\program files\\microsoft visual studio\\2022\\community\\vc\\tools\\msvc\\14.44.35207\\include\\vcruntime_new_debug.h",
            "c:\\program files\\microsoft visual studio\\2022\\community\\vc\\tools\\msvc\\14.44.35207\\include\\vcruntime_new.h",
            "c:\\program files\\microsoft visual studio\\2022\\community\\vc\\tools\\msvc\\14.44.35207\\include\\crtdefs.h",
            "c:\\program files\\microsoft visual studio\\2022\\community\\vc\\tools\\msvc\\14.44.35207\\include\\use_ansi.h",
            "c:\\program files\\microsoft visual studio\\2022\\community\\vc\\tools\\msvc\\14.44.35207\\include\\cstdlib",
            "c:\\program files (x86)\\windows kits\\10\\include\\10.0.26100.0\\ucrt\\math.h",
            "c:\\program files (x86)\\windows kits\\10\\include\\10.0.26100.0\\ucrt\\corecrt_math.h",
            "c:\\program files (x86)\\windows kits\\10\\include\\10.0.26100.0\\ucrt\\stdlib.h",
            "c:\\program files (x86)\\windows kits\\10\\include\\10.0.26100.0\\ucrt\\corecrt_malloc.h",
            "c:\\program files (x86)\\windows kits\\10\\include\\10.0.26100.0\\ucrt\\corecrt_search.h",
            "c:\\program files (x86)\\windows kits\\10\\include\\10.0.26100.0\\ucrt\\stddef.h",
            "c:\\program files (x86)\\windows kits\\10\\include\\10.0.26100.0\\ucrt\\corecrt_wstdlib.h",
            "c:\\program files\\microsoft visual studio\\2022\\community\\vc\\tools\\msvc\\14.44.35207\\include\\limits.h",
            "c:\\program files\\microsoft visual studio\\2022\\community\\vc\\tools\\msvc\\14.44.35207\\include\\xtr1common",
            "c:\\program files\\microsoft visual studio\\2022\\community\\vc\\tools\\msvc\\14.44.35207\\include\\intrin0.h",
            "c:\\program files\\microsoft visual studio\\2022\\community\\vc\\tools\\msvc\\14.44.35207\\include\\intrin0.inl.h",
            "c:\\program files\\microsoft visual studio\\2022\\community\\vc\\tools\\msvc\\14.44.35207\\include\\type_traits",
            "c:\\program files\\microsoft visual studio\\2022\\community\\vc\\tools\\msvc\\14.44.35207\\include\\cstddef",
            "c:\\program files\\microsoft visual studio\\2022\\community\\vc\\tools\\msvc\\14.44.35207\\include\\cstdint",
            "c:\\program files\\microsoft visual studio\\2022\\community\\vc\\tools\\msvc\\14.44.35207\\include\\stdint.h",
            "c:\\program files\\microsoft visual studio\\2022\\community\\vc\\tools\\msvc\\14.44.35207\\include\\cstring",
            "c:\\program files (x86)\\windows kits\\10\\include\\10.0.26100.0\\ucrt\\string.h",
            "c:\\program files (x86)\\windows kits\\10\\include\\10.0.26100.0\\ucrt\\corecrt_memory.h",
            "c:\\program files (x86)\\windows kits\\10\\include\\10.0.26100.0\\ucrt\\corecrt_memcpy_s.h",
            "c:\\program files (x86)\\windows kits\\10\\include\\10.0.26100.0\\ucrt\\errno.h",
            "c:\\program files\\microsoft visual studio\\2022\\community\\vc\\tools\\msvc\\14.44.35207\\include\\vcruntime_string.h",
            "c:\\program files (x86)\\windows kits\\10\\include\\10.0.26100.0\\ucrt\\corecrt_wstring.h",
            "d:\\documents\\perso\\programmation\\c++\\openglproject\\openglproject\\dependencies\\glm\\detail\\setup.hpp",
            "c:\\program files\\microsoft visual studio\\2022\\community\\vc\\tools\\msvc\\14.44.35207\\include\\cassert",
            "c:\\program files (x86)\\windows kits\\10\\include\\10.0.26100.0\\ucrt\\assert.h",
            "d:\\documents\\perso\\programmation\\c++\\openglproject\\openglproject\\dependencies\\glm\\simd\\platform.h",
            "c:\\program files\\microsoft visual studio\\2022\\community\\vc\\tools\\msvc\\14.44.35207\\include\\climits",
            "c:\\program files\\microsoft visual studio\\2022\\community\\vc\\tools\\msvc\\14.44.35207\\include\\cfloat",
            "c:\\program files (x86)\\windows kits\\10\\include\\10.0.26100.0\\ucrt\\float.h",
            "c:\\program files\\microsoft visual studio\\2022\\community\\vc\\tools\\msvc\\14.44.35207\\include\\limits",
            "c:\\program files\\microsoft visual studio\\2022\\community\\vc\\tools\\msvc\\14.44.35207\\include\\cwchar",
            "c:\\program files\\microsoft visual studio\\2022\\community\\vc\\tools\\msvc\\14.44.35207\\include\\cstdio",
            "c:\\program files (x86)\\windows kits\\10\\include\\10.0.26100.0\\ucrt\\stdio.h",
            "c:\\program files (x86)\\windows kits\\10\\include\\10.0.26100.0\\ucrt\\corecrt_wstdio.h",
            "c:\\program files (x86)\\windows kits\\10\\include\\10.0.26100.0\\ucrt\\corecrt_stdio_config.h",
            "c:\\program files (x86)\\windows kits\\10\\include\\10.0.26100.0\\ucrt\\wchar.h",
            "c:\\program files (x86)\\windows kits\\10\\include\\10.0.26100.0\\ucrt\\corecrt_wconio.h",
            "c:\\program files (x86)\\windows kits\\10\\include\\10.0.26100.0\\ucrt\\corecrt_wctype.h",
            "c:\\program files (x86)\\windows kits\\10\\include\\10.0.26100.0\\ucrt\\corecrt_wdirect.h",
            "c:\\program files (x86)\\windows kits\\10\\include\\10.0.26100.0\\ucrt\\corecrt_wio.h",
            "c:\\program files (x86)\\windows kits\\10\\include\\10.0.26100.0\\ucrt\\corecrt_share.h",
            "c:\\program files (x86)\\windows kits\\10\\include\\10.0.26100.0\\ucrt\\corecrt_wprocess.h",
            "c:\\program files (x86)\\windows kits\\10\\include\\10.0.26100.0\\ucrt\\corecrt_wtime.h",
            "c:\\program files (x86)\\windows kits\\10\\include\\10.0.26100.0\\ucrt\\sys\\stat.h",
            "c:\\program files (x86)\\windows kits\\10\\include\\10.0.26100.0\\ucrt\\sys\\types.h",
            "c:\\program files\\microsoft visual studio\\2022\\community\\vc\\tools\\msvc\\14.44.35207\\include\\intrin.h",
            "c:\\program files\\microsoft visual studio\\2022\\community\\vc\\tools\\msvc\\14.44.35207\\include\\setjmp.h",
            "c:\\program files\\microsoft visual studio\\2022\\community\\vc\\tools\\msvc\\14.44.35207\\include\\immintrin.h",
            "c:\\program files\\microsoft visual studio\\2022\\community\\vc\\tools\\msvc\\14.44.35207\\include\\wmmintrin.h",
            "c:\\program files\\microsoft visual studio\\2022\\community\\vc\\tools\\msvc\\14.44.35207\\include\\nmmintrin.h",
            "c:\\program files\\microsoft visual studio\\2022\\community\\vc\\tools\\msvc\\14.44.35207\\include\\smmintrin.h",
            "c:\\program files\\microsoft visual studio\\2022\\community\\vc\\tools\\msvc\\14.44.35207\\include\\tmmintrin.h",
            "c:\\program files\\microsoft visual studio\\2022\\community\\vc\\tools\\msvc\\14.44.35207\\include\\pmmintrin.h",
            "c:\\program files\\microsoft visual studio\\2022\\community\\vc\\tools\\msvc\\14.44.35207\\include\\emmintrin.h",
            "c:\\program files\\microsoft visual studio\\2022\\community\\vc\\tools\\msvc\\14.44.35207\\include\\xmmintrin.h",
            "c:\\program files\\microsoft visual studio\\2022\\community\\vc\\tools\\msvc\\14.44.35207\\include\\mmintrin.h",
            "c:\\program files (x86)\\windows kits\\10\\include\\10.0.26100.0\\ucrt\\malloc.h",
            "c:\\program files\\microsoft visual studio\\2022\\community\\vc\\tools\\msvc\\14.44.35207\\include\\zmmintrin.h",
            "c:\\program files\\microsoft visual studio\\2022\\community\\vc\\tools\\msvc\\14.44.35207\\include\\ammintrin.h",
            "c:\\program files\\microsoft visual studio\\2022\\community\\vc\\tools\\msvc\\14.44.35207\\include\\cassert",
            "c:\\program files (x86)\\windows kits\\10\\include\\10.0.26100.0\\ucrt\\assert.h",
            "d:\\documents\\perso\\programmation\\c++\\openglproject\\openglproject\\dependencies\\glm\\fwd.hpp",
            "d:\\documents\\perso\\programmation\\c++\\openglproject\\openglproject\\dependencies\\glm\\detail\\qualifier.hpp",
            "d:\\documents\\perso\\programmation\\c++\\openglproject\\openglproject\\dependencies\\glm\\detail\\setup.hpp",
            "d:\\documents\\perso\\programmation\\c++\\openglproject\\openglproject\\dependencies\\glm\\vec2.hpp",
            "d:\\documents\\perso\\programmation\\c++\\openglproject\\openglproject\\dependencies\\glm\\ext\\vector_bool2.hpp",
            "d:\\documents\\perso\\programmation\\c++\\openglproject\\openglproject\\dependencies\\glm\\detail\\type_vec2.hpp",
            "d:\\documents\\perso\\programmation\\c++\\openglproject\\openglproject\\dependencies\\glm\\detail\\type_vec2.inl",
            "d:\\documents\\perso\\programmation\\c++\\openglproject\\openglproject\\dependencies\\glm\\detail\\compute_vector_relational.hpp",
            "d:\\documents\\perso\\programmation\\c++\\openglproject\\openglproject\\dependencies\\glm\\detail\\setup.hpp",
            "d:\\documents\\perso\\programmation\\c++\\openglproject\\openglproject\\dependencies\\glm\\ext\\vector_bool2_precision.hpp",
            "d:\\documents\\perso\\programmation\\c++\\openglproject\\openglproject\\dependencies\\glm\\ext\\vector_float2.hpp",
            "d:\\documents\\perso\\programmation\\c++\\openglproject\\openglproject\\dependencies\\glm\\ext\\vector_float2_precision.hpp",
            "d:\\documents\\perso\\programmation\\c++\\openglproject\\openglproject\\dependencies\\glm\\ext\\vector_double2.hpp",
            "d:\\documents\\perso\\programmation\\c++\\openglproject\\openglproject\\dependencies\\glm\\ext\\vector_double2_precision.hpp",
            "d:\\documents\\perso\\programmation\\c++\\openglproject\\openglproject\\dependencies\\glm\\ext\\vector_int2.hpp",
            "d:\\documents\\perso\\programmation\\c++\\openglproject\\openglproject\\dependencies\\glm\\ext\\vector_int2_sized.hpp",
            "d:\\documents\\perso\\programmation\\c++\\openglproject\\openglproject\\dependencies\\glm\\ext\\scalar_int_sized.hpp",
            "d:\\documents\\perso\\programmation\\c++\\openglproject\\openglproject\\dependencies\\glm\\detail\\setup.hpp",
            "d:\\documents\\perso\\programmation\\c++\\openglproject\\openglproject\\dependencies\\glm\\ext\\vector_uint2.hpp",
            "d:\\documents\\perso\\programmation\\c++\\openglproject\\openglproject\\dependencies\\glm\\ext\\vector_uint2_sized.hpp",
            "d:\\documents\\perso\\programmation\\c++\\openglproject\\openglproject\\dependencies\\glm\\ext\\scalar_uint_sized.hpp",
            "d:\\documents\\perso\\programmation\\c++\\openglproject\\openglproject\\dependencies\\glm\\detail\\setup.hpp",
            "d:\\documents\\perso\\programmation\\c++\\openglproject\\openglproject\\dependencies\\glm\\vec3.hpp",
            "d:\\documents\\perso\\programmation\\c++\\openglproject\\openglproject\\dependencies\\glm\\ext\\vector_bool3.hpp",
            "d:\\documents\\perso\\programmation\\c++\\openglproject\\openglproject\\dependencies\\glm\\detail\\type_vec3.hpp",
            "d:\\documents\\perso\\programmation\\c++\\openglproject\\openglproject\\dependencies\\glm\\detail\\type_vec3.inl",
            "d:\\documents\\perso\\programmation\\c++\\openglproject\\openglproject\\dependencies\\glm\\ext\\vector_bool3_precision.hpp",
            "d:\\documents\\perso\\programmation\\c++\\openglproject\\openglproject\\dependencies\\glm\\ext\\vector_float3.hpp",
            "d:\\documents\\perso\\programmation\\c++\\openglproject\\openglproject\\dependencies\\glm\\ext\\vector_float3_precision.hpp",
            "d:\\documents\\perso\\programmation\\c++\\openglproject\\openglproject\\dependencies\\glm\\ext\\vector_double3.hpp",
            "d:\\documents\\perso\\programmation\\c++\\openglproject\\openglproject\\dependencies\\glm\\ext\\vector_double3_precision.hpp",
            "d:\\documents\\perso\\programmation\\c++\\openglproject\\openglproject\\dependencies\\glm\\ext\\vector_int3.hpp",
            "d:\\documents\\perso\\programmation\\c++\\openglproject\\openglproject\\dependencies\\glm\\ext\\vector_int3_sized.hpp",
            "d:\\documents\\perso\\programmation\\c++\\openglproject\\openglproject\\dependencies\\glm\\ext\\vector_uint3.hpp",
            "d:\\documents\\perso\\programmation\\c++\\openglproject\\openglproject\\dependencies\\glm\\ext\\vector_uint3_sized.hpp",
            "d:\\documents\\perso\\programmation\\c++\\openglproject\\openglproject\\dependencies\\glm\\vec4.hpp",
            "d:\\documents\\perso\\programmation\\c++\\openglproject\\openglproject\\dependencies\\glm\\ext\\vector_bool4.hpp",
            "d:\\documents\\perso\\programmation\\c++\\openglproject\\openglproject\\dependencies\\glm\\detail\\type_vec4.hpp",
            "d:\\documents\\perso\\programmation\\c++\\openglproject\\openglproject\\dependencies\\glm\\detail\\type_vec4.inl",
            "d:\\documents\\perso\\programmation\\c++\\openglproject\\openglproject\\dependencies\\glm\\ext\\vector_bool4_precision.hpp",
            "d:\\documents\\perso\\programmation\\c++\\openglproject\\openglproject\\dependencies\\glm\\ext\\vector_float4.hpp",
            "d:\\documents\\perso\\programmation\\c++\\openglproject\\openglproject\\dependencies\\glm\\ext\\vector_float4_precision.hpp",
            "d:\\documents\\perso\\programmation\\c++\\openglproject\\openglproject\\dependencies\\glm\\ext\\vector_double4.hpp",
            "d:\\documents\\perso\\programmation\\c++\\openglproject\\openglproject\\dependencies\\glm\\ext\\vector_double4_precision.hpp",
            "d:\\documents\\perso\\programmation\\c++\\openglproject\\openglproject\\dependencies\\glm\\detail\\setup.hpp",
            "d:\\documents\\perso\\programmation\\c++\\openglproject\\openglproject\\dependencies\\glm\\ext\\vector_int4.hpp",
            "d:\\documents\\perso\\programmation\\c++\\openglproject\\openglproject\\dependencies\\glm\\ext\\vector_int4_sized.hpp",
            "d:\\documents\\perso\\programmation\\c++\\openglproject\\openglproject\\dependencies\\glm\\ext\\vector_uint4.hpp",
            "d:\\documents\\perso\\programmation\\c++\\openglproject\\openglproject\\dependencies\\glm\\ext\\vector_uint4_sized.hpp",
            "d:\\documents\\perso\\programmation\\c++\\openglproject\\openglproject\\dependencies\\glm\\mat2x2.hpp",
            "d:\\documents\\perso\\programmation\\c++\\openglproject\\openglproject\\dependencies\\glm\\ext\\matrix_double2x2.hpp",
            "d:\\documents\\perso\\programmation\\c++\\openglproject\\openglproject\\dependencies\\glm\\detail\\type_mat2x2.hpp",
            "d:\\documents\\perso\\programmation\\c++\\openglproject\\openglproject\\dependencies\\glm\\detail\\type_mat2x2.inl",
            "d:\\documents\\perso\\programmation\\c++\\openglproject\\openglproject\\dependencies\\glm\\matrix.hpp",
            "d:\\documents\\perso\\programmation\\c++\\openglproject\\openglproject\\dependencies\\glm\\detail\\setup.hpp",
            "d:\\documents\\perso\\programmation\\c++\\openglproject\\openglproject\\dependencies\\glm\\mat2x3.hpp",
            "d:\\documents\\perso\\programmation\\c++\\openglproject\\openglproject\\dependencies\\glm\\ext\\matrix_double2x3.hpp",
            "d:\\documents\\perso\\programmation\\c++\\openglproject\\openglproject\\dependencies\\glm\\detail\\type_mat2x3.hpp",
            "d:\\documents\\perso\\programmation\\c++\\openglproject\\openglproject\\dependencies\\glm\\detail\\type_mat2x3.inl",
            "d:\\documents\\perso\\programmation\\c++\\openglproject\\openglproject\\dependencies\\glm\\ext\\matrix_double2x3_precision.hpp",
            "d:\\documents\\perso\\programmation\\c++\\openglproject\\openglproject\\dependencies\\glm\\ext\\matrix_float2x3.hpp",
            "d:\\documents\\perso\\programmation\\c++\\openglproject\\openglproject\\dependencies\\glm\\ext\\matrix_float2x3_precision.hpp",
            "d:\\documents\\perso\\programmation\\c++\\openglproject\\openglproject\\dependencies\\glm\\mat2x4.hpp",
            "d:\\documents\\perso\\programmation\\c++\\openglproject\\openglproject\\dependencies\\glm\\ext\\matrix_double2x4.hpp",
            "d:\\documents\\perso\\programmation\\c++\\openglproject\\openglproject\\dependencies\\glm\\detail\\type_mat2x4.hpp",
            "d:\\documents\\perso\\programmation\\c++\\openglproject\\openglproject\\dependencies\\glm\\detail\\type_mat2x4.inl",
            "d:\\documents\\perso\\programmation\\c++\\openglproject\\openglproject\\dependencies\\glm\\ext\\matrix_double2x4_precision.hpp",
            "d:\\documents\\perso\\programmation\\c++\\openglproject\\openglproject\\dependencies\\glm\\ext\\matrix_float2x4.hpp",
            "d:\\documents\\perso\\programmation\\c++\\openglproject\\openglproject\\dependencies\\glm\\ext\\matrix_float2x4_precision.hpp",
            "d:\\documents\\perso\\programmation\\c++\\openglproject\\openglproject\\dependencies\\glm\\mat3x2.hpp",
            "d:\\documents\\perso\\programmation\\c++\\openglproject\\openglproject\\dependencies\\glm\\ext\\matrix_double3x2.hpp",
            "d:\\documents\\perso\\programmation\\c++\\openglproject\\openglproject\\dependencies\\glm\\detail\\type_mat3x2.hpp",
            "d:\\documents\\perso\\programmation\\c++\\openglproject\\openglproject\\dependencies\\glm\\detail\\type_mat3x2.inl",
            "d:\\documents\\perso\\programmation\\c++\\openglproject\\openglproject\\dependencies\\glm\\ext\\matrix_double3x2_precision.hpp",
            "d:\\documents\\perso\\programmation\\c++\\openglproject\\openglproject\\dependencies\\glm\\ext\\matrix_float3x2.hpp",
            "d:\\documents\\perso\\programmation\\c++\\openglproject\\openglproject\\dependencies\\glm\\ext\\matrix_float3x2_precision.hpp",
            "d:\\documents\\perso\\programmation\\c++\\openglproject\\openglproject\\dependencies\\glm\\mat3x3.hpp",
            "d:\\documents\\perso\\programmation\\c++\\openglproject\\openglproject\\dependencies\\glm\\ext\\matrix_double3x3.hpp",
            "d:\\documents\\perso\\programmation\\c++\\openglproject\\openglproject\\dependencies\\glm\\detail\\type_mat3x3.hpp",
            "d:\\documents\\perso\\programmation\\c++\\openglproject\\openglproject\\dependencies\\glm\\detail\\type_mat3x3.inl",
            "d:\\documents\\perso\\programmation\\c++\\openglproject\\openglproject\\dependencies\\glm\\ext\\matrix_double3x3_precision.hpp",
            "d:\\documents\\perso\\programmation\\c++\\openglproject\\openglproject\\dependencies\\glm\\ext\\matrix_float3x3.hpp",
            "d:\\documents\\perso\\programmation\\c++\\openglproject\\openglproject\\dependencies\\glm\\ext\\matrix_float3x3_precision.hpp",
            "d:\\documents\\perso\\programmation\\c++\\openglproject\\openglproject\\dependencies\\glm\\mat3x4.hpp",
            "d:\\documents\\perso\\programmation\\c++\\openglproject\\openglproject\\dependencies\\glm\\ext\\matrix_double3x4.hpp",
            "d:\\documents\\perso\\programmation\\c++\\openglproject\\openglproject\\dependencies\\glm\\detail\\type_mat3x4.hpp",
            "d:\\documents\\perso\\programmation\\c++\\openglproject\\openglproject\\dependencies\\glm\\detail\\type_mat3x4.inl",
            "d:\\documents\\perso\\programmation\\c++\\openglproject\\openglproject\\dependencies\\glm\\ext\\matrix_double3x4_precision.hpp",
            "d:\\documents\\perso\\programmation\\c++\\openglproject\\openglproject\\dependencies\\glm\\ext\\matrix_float3x4.hpp",
            "d:\\documents\\perso\\programmation\\c++\\openglproject\\openglproject\\dependencies\\glm\\ext\\matrix_float3x4_precision.hpp",
            "d:\\documents\\perso\\programmation\\c++\\openglproject\\openglproject\\dependencies\\glm\\mat4x2.hpp",
            "d:\\documents\\perso\\programmation\\c++\\openglproject\\openglproject\\dependencies\\glm\\ext\\matrix_double4x2.hpp",
            "d:\\documents\\perso\\programmation\\c++\\openglproject\\openglproject\\dependencies\\glm\\detail\\type_mat4x2.hpp",
            "d:\\documents\\perso\\programmation\\c++\\openglproject\\openglproject\\dependencies\\glm\\detail\\type_mat4x2.inl",
            "d:\\documents\\perso\\programmation\\c++\\openglproject\\openglproject\\dependencies\\glm\\ext\\matrix_double4x2_precision.hpp",
            "d:\\documents\\perso\\programmation\\c++\\openglproject\\openglproject\\dependencies\\glm\\ext\\matrix_float4x2.hpp",
            "d:\\documents\\perso\\programmation\\c++\\openglproject\\openglproject\\dependencies\\glm\\ext\\matrix_float4x2_precision.hpp",
            "d:\\documents\\perso\\programmation\\c++\\openglproject\\openglproject\\dependencies\\glm\\mat4x3.hpp",
            "d:\\documents\\perso\\programmation\\c++\\openglproject\\openglproject\\dependencies\\glm\\ext\\matrix_double4x3.hpp",
            "d:\\documents\\perso\\programmation\\c++\\openglproject\\openglproject\\dependencies\\glm\\detail\\type_mat4x3.hpp",
            "d:\\documents\\perso\\programmation\\c++\\openglproject\\openglproject\\dependencies\\glm\\detail\\type_mat4x3.inl",
            "d:\\documents\\perso\\programmation\\c++\\openglproject\\openglproject\\dependencies\\glm\\ext\\matrix_double4x3_precision.hpp",
            "d:\\documents\\perso\\programmation\\c++\\openglproject\\openglproject\\dependencies\\glm\\ext\\matrix_float4x3.hpp",
            "d:\\documents\\perso\\programmation\\c++\\openglproject\\openglproject\\dependencies\\glm\\ext\\matrix_float4x3_precision.hpp",
            "d:\\documents\\perso\\programmation\\c++\\openglproject\\openglproject\\dependencies\\glm\\mat4x4.hpp",
            "d:\\documents\\perso\\programmation\\c++\\openglproject\\openglproject\\dependencies\\glm\\ext\\matrix_double4x4.hpp",
            "d:\\documents\\perso\\programmation\\c++\\openglproject\\openglproject\\dependencies\\glm\\detail\\type_mat4x4.hpp",
            "d:\\documents\\perso\\programmation\\c++\\openglproject\\openglproject\\dependencies\\glm\\detail\\type_mat4x4.inl",
            "d:\\documents\\perso\\programmation\\c++\\openglproject\\openglproject\\dependencies\\glm\\ext\\matrix_double4x4_precision.hpp",
            "d:\\documents\\perso\\programmation\\c++\\openglproject\\openglproject\\dependencies\\glm\\ext\\matrix_float4x4.hpp",
            "d:\\documents\\perso\\programmation\\c++\\openglproject\\openglproject\\dependencies\\glm\\ext\\matrix_float4x4_precision.hpp",
            "d:\\documents\\perso\\programmation\\c++\\openglproject\\openglproject\\dependencies\\glm\\detail\\func_matrix.inl",
            "d:\\documents\\perso\\programmation\\c++\\openglproject\\openglproject\\dependencies\\glm\\geometric.hpp",
            "d:\\documents\\perso\\programmation\\c++\\openglproject\\openglproject\\dependencies\\glm\\detail\\func_geometric.inl",
            "d:\\documents\\perso\\programmation\\c++\\openglproject\\openglproject\\dependencies\\glm\\exponential.hpp",
            "d:\\documents\\perso\\programmation\\c++\\openglproject\\openglproject\\dependencies\\glm\\detail\\type_vec1.hpp",
            "d:\\documents\\perso\\programmation\\c++\\openglproject\\openglproject\\dependencies\\glm\\detail\\type_vec1.inl",
            "d:\\documents\\perso\\programmation\\c++\\openglproject\\openglproject\\dependencies\\glm\\detail\\func_exponential.inl",
            "d:\\documents\\perso\\programmation\\c++\\openglproject\\openglproject\\dependencies\\glm\\vector_relational.hpp",
            "d:\\documents\\perso\\programmation\\c++\\openglproject\\openglproject\\dependencies\\glm\\detail\\setup.hpp",
            "d:\\documents\\perso\\programmation\\c++\\openglproject\\openglproject\\dependencies\\glm\\detail\\func_vector_relational.inl",
            "d:\\documents\\perso\\programmation\\c++\\openglproject\\openglproject\\dependencies\\glm\\detail\\_vectorize.hpp",
            "c:\\program files\\microsoft visual studio\\2022\\community\\vc\\tools\\msvc\\14.44.35207\\include\\cassert",
            "c:\\program files (x86)\\windows kits\\10\\include\\10.0.26100.0\\ucrt\\assert.h",
            "d:\\documents\\perso\\programmation\\c++\\openglproject\\openglproject\\dependencies\\glm\\common.hpp",
            "d:\\documents\\perso\\programmation\\c++\\openglproject\\openglproject\\dependencies\\glm\\detail\\_fixes.hpp",
            "d:\\documents\\perso\\programmation\\c++\\openglproject\\openglproject\\dependencies\\glm\\detail\\func_common.inl",
            "d:\\documents\\perso\\programmation\\c++\\openglproject\\openglproject\\dependencies\\glm\\detail\\compute_common.hpp",
            "d:\\documents\\perso\\programmation\\c++\\openglproject\\openglproject\\dependencies\\glm\\detail\\setup.hpp",
            "d:\\documents\\perso\\programmation\\c++\\openglproject\\openglproject\\dependencies\\glm\\ext\\matrix_double2x2_precision.hpp",
            "d:\\documents\\perso\\programmation\\c++\\openglproject\\openglproject\\dependencies\\glm\\ext\\matrix_float2x2.hpp",
            "d:\\documents\\perso\\programmation\\c++\\openglproject\\openglproject\\dependencies\\glm\\ext\\matrix_float2x2_precision.hpp",
            "d:\\documents\\perso\\programmation\\c++\\openglproject\\openglproject\\dependencies\\glm\\trigonometric.hpp",
            "d:\\documents\\perso\\programmation\\c++\\openglproject\\openglproject\\dependencies\\glm\\detail\\setup.hpp",
            "d:\\documents\\perso\\programmation\\c++\\openglproject\\openglproject\\dependencies\\glm\\detail\\func_trigonometric.inl",
            "d:\\documents\\perso\\programmation\\c++\\openglproject\\openglproject\\dependencies\\glm\\packing.hpp",
            "d:\\documents\\perso\\programmation\\c++\\openglproject\\openglproject\\dependencies\\glm\\detail\\func_packing.inl",
            "d:\\documents\\perso\\programmation\\c++\\openglproject\\openglproject\\dependencies\\glm\\detail\\type_half.hpp",
            "d:\\documents\\perso\\programmation\\c++\\openglproject\\openglproject\\dependencies\\glm\\detail\\setup.hpp",
            "d:\\documents\\perso\\programmation\\c++\\openglproject\\openglproject\\dependencies\\glm\\detail\\type_half.inl",
            "d:\\documents\\perso\\programmation\\c++\\openglproject\\openglproject\\dependencies\\glm\\integer.hpp",
            "d:\\documents\\perso\\programmation\\c++\\openglproject\\openglproject\\dependencies\\glm\\detail\\func_integer.inl",
            "d:\\documents\\perso\\programmation\\c++\\openglproject\\openglproject\\dependencies\\glm\\gtc\\matrix_transform.hpp",
            "d:\\documents\\perso\\programmation\\c++\\openglproject\\openglproject\\dependencies\\glm\\ext\\matrix_projection.hpp",
            "d:\\documents\\perso\\programmation\\c++\\openglproject\\openglproject\\dependencies\\glm\\gtc\\constants.hpp",
            "d:\\documents\\perso\\programmation\\c++\\openglproject\\openglproject\\dependencies\\glm\\ext\\scalar_constants.hpp",
            "d:\\documents\\perso\\programmation\\c++\\openglproject\\openglproject\\dependencies\\glm\\detail\\setup.hpp",
            "d:\\documents\\perso\\programmation\\c++\\openglproject\\openglproject\\dependencies\\glm\\ext\\scalar_constants.inl",
            "d:\\documents\\perso\\programmation\\c++\\openglproject\\openglproject\\dependencies\\glm\\gtc\\constants.inl",
            "d:\\documents\\perso\\programmation\\c++\\openglproject\\openglproject\\dependencies\\glm\\ext\\matrix_projection.inl",
            "d:\\documents\\perso\\programmation\\c++\\openglproject\\openglproject\\dependencies\\glm\\ext\\matrix_clip_space.hpp",
            "d:\\documents\\perso\\programmation\\c++\\openglproject\\openglproject\\dependencies\\glm\\ext\\matrix_clip_space.inl",
            "d:\\documents\\perso\\programmation\\c++\\openglproject\\openglproject\\dependencies\\glm\\ext\\matrix_transform.hpp",
            "d:\\documents\\perso\\programmation\\c++\\openglproject\\openglproject\\dependencies\\glm\\ext\\matrix_transform.inl",
            "d:\\documents\\perso\\programmation\\c++\\openglproject\\openglproject\\dependencies\\glm\\gtc\\matrix_transform.inl",
            "d:\\documents\\perso\\programmation\\c++\\openglproject\\openglproject\\dependencies\\glm\\gtc\\type_ptr.hpp",
            "d:\\documents\\perso\\programmation\\c++\\openglproject\\openglproject\\dependencies\\glm\\gtc\\quaternion.hpp",
            "d:\\documents\\perso\\programmation\\c++\\openglproject\\openglproject\\dependencies\\glm\\ext\\vector_relational.hpp",
            "d:\\documents\\perso\\programmation\\c++\\openglproject\\openglproject\\dependencies\\glm\\ext\\vector_relational.inl",
            "d:\\documents\\perso\\programmation\\c++\\openglproject\\openglproject\\dependencies\\glm\\detail\\type_float.hpp",
            "d:\\documents\\perso\\programmation\\c++\\openglproject\\openglproject\\dependencies\\glm\\detail\\setup.hpp",
            "d:\\documents\\perso\\programmation\\c++\\openglproject\\openglproject\\dependencies\\glm\\ext\\quaternion_common.hpp",
            "d:\\documents\\perso\\programmation\\c++\\openglproject\\openglproject\\dependencies\\glm\\ext\\quaternion_geometric.hpp",
            "d:\\documents\\perso\\programmation\\c++\\openglproject\\openglproject\\dependencies\\glm\\ext\\quaternion_geometric.inl",
            "d:\\documents\\perso\\programmation\\c++\\openglproject\\openglproject\\dependencies\\glm\\ext\\quaternion_common.inl",
            "d:\\documents\\perso\\programmation\\c++\\openglproject\\openglproject\\dependencies\\glm\\ext\\quaternion_float.hpp",
            "d:\\documents\\perso\\programmation\\c++\\openglproject\\openglproject\\dependencies\\glm\\detail\\type_quat.hpp",
            "d:\\documents\\perso\\programmation\\c++\\openglproject\\openglproject\\dependencies\\glm\\ext\\quaternion_relational.hpp",
            "d:\\documents\\perso\\programmation\\c++\\openglproject\\openglproject\\dependencies\\glm\\ext\\quaternion_relational.inl",
            "d:\\documents\\perso\\programmation\\c++\\openglproject\\openglproject\\dependencies\\glm\\detail\\type_quat.inl",
            "d:\\documents\\perso\\programmation\\c++\\openglproject\\openglproject\\dependencies\\glm\\ext\\quaternion_float_precision.hpp",
            "d:\\documents\\perso\\programmation\\c++\\openglproject\\openglproject\\dependencies\\glm\\ext\\quaternion_double.hpp",
            "d:\\documents\\perso\\programmation\\c++\\openglproject\\openglproject\\dependencies\\glm\\ext\\quaternion_double_precision.hpp",
            "d:\\documents\\perso\\programmation\\c++\\openglproject\\openglproject\\dependencies\\glm\\ext\\quaternion_trigonometric.hpp",
            "d:\\documents\\perso\\programmation\\c++\\openglproject\\openglproject\\dependencies\\glm\\ext\\quaternion_trigonometric.inl",
            "d:\\documents\\perso\\programmation\\c++\\openglproject\\openglproject\\dependencies\\glm\\ext\\quaternion_transform.hpp",
            "d:\\documents\\perso\\programmation\\c++\\openglproject\\openglproject\\dependencies\\glm\\ext\\quaternion_transform.inl",
            "d:\\documents\\perso\\programmation\\c++\\openglproject\\openglproject\\dependencies\\glm\\gtc\\quaternion.inl",
            "d:\\documents\\perso\\programmation\\c++\\openglproject\\openglproject\\dependencies\\glm\\gtc\\epsilon.hpp",
            "d:\\documents\\perso\\programmation\\c++\\openglproject\\openglproject\\dependencies\\glm\\detail\\setup.hpp",
            "d:\\documents\\perso\\programmation\\c++\\openglproject\\openglproject\\dependencies\\glm\\gtc\\epsilon.inl",
            "d:\\documents\\perso\\programmation\\c++\\openglproject\\openglproject\\dependencies\\glm\\gtc\\vec1.hpp",
            "d:\\documents\\perso\\programmation\\c++\\openglproject\\openglproject\\dependencies\\glm\\ext\\vector_bool1.hpp",
            "d:\\documents\\perso\\programmation\\c++\\openglproject\\openglproject\\dependencies\\glm\\ext\\vector_bool1_precision.hpp",
            "d:\\documents\\perso\\programmation\\c++\\openglproject\\openglproject\\dependencies\\glm\\ext\\vector_float1.hpp",
            "d:\\documents\\perso\\programmation\\c++\\openglproject\\openglproject\\dependencies\\glm\\ext\\vector_float1_precision.hpp",
            "d:\\documents\\perso\\programmation\\c++\\openglproject\\openglproject\\dependencies\\glm\\ext\\vector_double1.hpp",
            "d:\\documents\\perso\\programmation\\c++\\openglproject\\openglproject\\dependencies\\glm\\ext\\vector_double1_precision.hpp",
            "d:\\documents\\perso\\programmation\\c++\\openglproject\\openglproject\\dependencies\\glm\\ext\\vector_int1.hpp",
            "d:\\documents\\perso\\programmation\\c++\\openglproject\\openglproject\\dependencies\\glm\\ext\\vector_int1_sized.hpp",
            "d:\\documents\\perso\\programmation\\c++\\openglproject\\openglproject\\dependencies\\glm\\ext\\vector_uint1.hpp",
            "d:\\documents\\perso\\programmation\\c++\\openglproject\\openglproject\\dependencies\\glm\\ext\\vector_uint1_sized.hpp",
            "d:\\documents\\perso\\programmation\\c++\\openglproject\\openglproject\\dependencies\\glm\\gtc\\type_ptr.inl"
        ],
        "ImportedModules": [],
        "ImportedHeaderUnits": []
    }
}