{
    "version": 1,
    "revision": 0,
    "rules": [
        {
            "primary-output": "x64\\Debug\\Transformation.h.obj",
            "outputs": [
                "D:\\Documents\\Perso\\Programmation\\C++\\OpenGLProject\\OpenGLProject\\x64\\Debug\\vc143.pdb",
                "x64\\Debug\\",
                "D:\\Documents\\Perso\\Programmation\\C++\\OpenGLProject\\OpenGLProject\\x64\\Debug\\Transformation.h.ifc"
            ],
            "provides": [
                {
                    "logical-name": "Transformation.h",
                    "source-path": "d:\\documents\\perso\\programmation\\c++\\openglproject\\openglproject\\transformation.h",
                    "lookup-method": "absolute"
                }
            ],
            "requires": []
        }
    ]
}