{
    "version": 1,
    "revision": 0,
    "rules": [
        {
            "primary-output": "x64\\Debug\\Transformation.obj",
            "outputs": [
                "x64\\Debug\\Transformation.h_65DAA0AFDEE68CA6.ifc.dt.module.json",
                "x64\\Debug\\Transformation.h_65DAA0AFDEE68CA6.ifc.dt.d.json",
                "x64\\Debug\\Transformation.h.ifc"
            ],
            "provides": [
                {
                    "logical-name": "D:\\Documents\\Perso\\Programmation\\C++\\OpenGLProject\\OpenGLProject\\Transformation.h",
                    "source-path": "d:\\documents\\perso\\programmation\\c++\\openglproject\\openglproject\\transformation.h",
                    "lookup-method": "absolute"
                }
            ],
            "requires": []
        }
    ]
}